"name","url","address_1","city","state_province_region","zip"
Advantage Health Convenient Care,https://fhir-myrecord.cerner.com/dstu2/7c05c954-eb7f-475b-a6e9-01703301a76f/,"6370 Lake Michigan Drive, Suite 100",Allendale,Michigan,"49401-8068"
Advantage Health Convenient Care,https://fhir-myrecord.cerner.com/dstu2/b3d22582-4c6b-4860-87c3-30b4921b26d7/,"6370 Lake Michigan Drive, Suite 100",Allendale,Michigan,"49401-8068"
AdventHealth,https://fhir-myrecord.cerner.com/dstu2/FvWTgpuArzkbnSoZ4uBB0nfVO05IjePF/,"900 Hope Way",Altamonte Springs,Florida,"32714-1502"
AdventHealth,https://fhir-myrecord.cerner.com/dstu2/OgZyfqFCSddL-itIAURNqB8312aD4fxe/,"900 Hope Way",Altamonte Springs,Florida,"32714-1502"
Adventist Health Delano,https://fhir-myrecord.cerner.com/dstu2/77b46b85-adb4-49fe-86ec-bf3171ce92c8/,"1401 Garces Hwy",Delano,California,"93215-3690"
Adventist Health Delano,https://fhir-myrecord.cerner.com/dstu2/0ca83d5d-e2a2-460f-9fe7-e5dfa535cbb3/,"1401 Garces Hwy",Delano,California,"93215-3690"
"Alabama Medicine and Rheumatology, LLC",https://fhir-myrecord.cerner.com/dstu2/f342f1fe-7dbf-445a-81a0-f5820c7e8814/,"2828 Hwy 31 S Suite 111",Decatur,Alabama,"35603-1538"
"Alabama Medicine and Rheumatology, LLC",https://fhir-myrecord.cerner.com/dstu2/f70aea94-18f8-4ff4-abb1-7186fe733a24/,"2828 Hwy 31 S Suite 111",Decatur,Alabama,"35603-1538"
"Albuquerque Center for Rheumatology, P.C",https://fhir-myrecord.cerner.com/dstu2/cmjPplTNy_0xpR7h8mITchQoMptbM079/,"1617 University Blvd NE",Albuquerque,New Mexico,"87102-1710"
"Albuquerque Center for Rheumatology, P.C",https://fhir-myrecord.cerner.com/dstu2/a7511550-a8b1-48d8-b97c-d2a4596e52d2/,"1617 University Blvd NE",Albuquerque,New Mexico,"87102-1710"
Allergy & Asthma Clinic of Alexandria,https://fhir-myrecord.cerner.com/dstu2/fbc8c866-997f-48a9-94e2-a511f307192d/,"201 Pecan Park Ave",Alexandria,Louisiana,"71303-3361"
Allergy & Asthma Clinic of Alexandria,https://fhir-myrecord.cerner.com/dstu2/27425bf5-b70f-4e57-a4e7-5af1c20e4949/,"201 Pecan Park Ave",Alexandria,Louisiana,"71303-3361"
American Century,https://fhir-myrecord.cerner.com/dstu2/dc9cc670-c6ff-4240-acb5-59e5ad786041/,"4500 Main Street",Kansas City,Missouri,"64111-1838"
American Century,https://fhir-myrecord.cerner.com/dstu2/734b6633-3203-4245-887c-cd27c8dfcc93/,"4500 Main Street",Kansas City,Missouri,"64111-1838"
Ankle & Foot Specialists,https://fhir-myrecord.cerner.com/dstu2/6wNWLEKPS2uO0_nvMxh3PrA39BtxIAUT/,"3666 Highway 5",Douglasville,Georgia,"30135-6940"
Ankle & Foot Specialists,https://fhir-myrecord.cerner.com/dstu2/SUWQKklMWN1rUZ1aBx8uyyusZJlfRBjJ/,"3666 Highway 5",Douglasville,Georgia,"30135-6940"
"Apex Partners, LLC",https://fhir-myrecord.cerner.com/dstu2/d7365098-6d60-4ec8-86ad-b746a939e4ed/,"30701 Lorain Road",North Olmsted,Ohio,"44070-6325"
"Apex Partners, LLC",https://fhir-myrecord.cerner.com/dstu2/q3J1m5qc22mRRs5Ad6fw1pFcqnkVdus_/,"30701 Lorain Road",North Olmsted,Ohio,"44070-6325"
"Apex Partners, LLC",https://fhir-myrecord.cerner.com/dstu2/320cb157-6a7c-4bbf-99c2-9adf12a908e0/,"30701 Lorain Road",North Olmsted,Ohio,"44070-6325"
"Apex Partners, LLC",https://fhir-myrecord.cerner.com/dstu2/KmHuSfpK2MXZbZ39Qy2JLIVVSEo-tvRd/,"30701 Lorain Road",North Olmsted,Ohio,"44070-6325"
AtlantiCare Health System,https://fhir-myrecord.cerner.com/dstu2/7ab285c0-fca7-400d-b78e-f861ffccdcf2/,"2500 English Creek Ave",Egg Harbor Township,New Jersey,"08234-5549"
AtlantiCare Health System,https://fhir-myrecord.cerner.com/dstu2/3e8d4a4e-e1e9-4f4d-8b87-af7fa09f6ac8/,"2500 English Creek Ave",Egg Harbor Township,New Jersey,"08234-5549"
AtlantiCare Health System,https://fhir-myrecord.cerner.com/dstu2/c758d838-0983-4118-895c-525b7387b254/,"2500 English Creek Ave",Egg Harbor Township,New Jersey,"08234-5549"
Basel Refai MD,https://fhir-myrecord.cerner.com/dstu2/65979035-1557-4261-8de9-caa332ef8187/,"1120 Airport Dr Ste 102",Alexander City,Alabama,"35010-3444"
Basel Refai MD,https://fhir-myrecord.cerner.com/dstu2/ffb5a3ea-7b03-4d31-92c0-4781da903c09/,"1120 Airport Dr Ste 102",Alexander City,Alabama,"35010-3444"
Baxter Regional Medical Center,https://fhir-myrecord.cerner.com/dstu2/d9f82512-47ad-4066-b765-ea406cdcb2db/,"624 Hospital Dr",Mountain Home,Arkansas,"72653-2955"
Baxter Regional Medical Center,https://fhir-myrecord.cerner.com/dstu2/84d755f8-a304-4a2c-b470-52d3a7d1b018/,"624 Hospital Dr",Mountain Home,Arkansas,"72653-2955"
Baxter Regional Medical Center,https://fhir-myrecord.cerner.com/dstu2/E7o20T_kvrkmWyJzCB8osorjliMeLXLl/,"624 Hospital Dr",Mountain Home,Arkansas,"72653-2955"
BayCare Health System,https://fhir-myrecord.cerner.com/dstu2/a01cc5e9-1755-468c-b41c-495a18dec39f/,"2985 Drew Street",Clearwater,Florida,"33759-3012"
BayCare Health System,https://fhir-myrecord.cerner.com/dstu2/d92457a2-9607-45c0-987c-48523ea3242f/,"2985 Drew Street",Clearwater,Florida,"33759-3012"
Beacon Medical Group,https://fhir-myrecord.cerner.com/dstu2/acdd0d06-725b-4e78-bc4c-92f3f27f3a8e/,"100 Navarre Pl Ste 6600",South Bend,Indiana,"46601-1173"
Beacon Medical Group,https://fhir-myrecord.cerner.com/dstu2/FXKD-Xb5DUX7GYMomaomI02W6AvYyCGp/,"100 Navarre Pl Ste 6600",South Bend,Indiana,"46601-1173"
Billings Clinic,https://fhir-myrecord.cerner.com/dstu2/778a71b5-4b54-45a8-9bb9-e36d4462ecf3/,"2800 10th Ave N",Billings,Montana,"59107-0703"
Billings Clinic,https://fhir-myrecord.cerner.com/dstu2/339d960e-9d8d-4e91-ba79-ed2766dd88b4/,"2800 10th Ave N",Billings,Montana,"59107-0703"
Billings Clinic,https://fhir-myrecord.cerner.com/dstu2/3fc2ee37-7a41-4403-8e60-b36e163e05df/,"2800 10th Ave N",Billings,Montana,"59107-0703"
Billings Clinic,https://fhir-myrecord.cerner.com/dstu2/82a4f2ea-0df0-4313-99db-50ed1f3e0c13/,"2800 10th Ave N",Billings,Montana,"59107-0703"
Billings Clinic,https://fhir-myrecord.cerner.com/dstu2/6bcbb1cf-e5c9-4b6c-853d-41408119d19d/,"2800 10th Ave N",Billings,Montana,"59107-0703"
Billings Clinic,https://fhir-myrecord.cerner.com/dstu2/R0BnjtS1Cg4P990d7iegvoMVqlnOQ9OI/,"2800 10th Ave N",Billings,Montana,"59107-0703"
Blair Foot & Ankle,https://fhir-myrecord.cerner.com/dstu2/02cf5ef5-9abb-4937-8933-e06c47e975a4/,"1798 Plank Rd Ste. 201",Duncansville,Pennsylvania,"16635-8389"
Blair Foot & Ankle,https://fhir-myrecord.cerner.com/dstu2/29bd7f74-505f-4da0-ab1b-2b3301332cd9/,"1798 Plank Rd Ste. 201",Duncansville,Pennsylvania,"16635-8389"
Blue Cross Blue Shield of Louisiana,https://fhir-myrecord.cerner.com/dstu2/f7a07b30-b746-4472-9c87-ea9b751a3943/,"5525 Reitz Ave",Baton Rouge,Louisiana,"70809-3802"
Blue Cross Blue Shield of Louisiana,https://fhir-myrecord.cerner.com/dstu2/b6d93b41-a32b-4dd5-9e70-bf8701bff59e/,"5525 Reitz Ave",Baton Rouge,Louisiana,"70809-3802"
Blue Cross and Blue Shield of Vermont,https://fhir-myrecord.cerner.com/dstu2/a57211fb-a053-48c3-9e4e-c2c4e7cd4f71/,"445 Industrial Lane",Montpelier,Vermont,"05602-4415"
Blue Cross and Blue Shield of Vermont,https://fhir-myrecord.cerner.com/dstu2/5e1b8265-3ddf-4d25-828e-60aff679773e/,"445 Industrial Lane",Montpelier,Vermont,"05602-4415"
Blue Cross and Blue Shield of Vermont,https://fhir-myrecord.cerner.com/dstu2/d03e2bb3-d17a-409b-bb16-d2cf8d81bb7f/,"445 Industrial Lane",Montpelier,Vermont,"05602-4415"
Bryce Beseth,https://fhir-myrecord.cerner.com/dstu2/c884454b-a4fd-4744-9d6a-4bee42b3e7fa/,"510 N 13th Ave Ste 204",Upland,California,"91786-4965"
Bryce Beseth,https://fhir-myrecord.cerner.com/dstu2/3a78d5e1-a886-4474-bb4c-0f7d15dd6f1c/,"510 N 13th Ave Ste 204",Upland,California,"91786-4965"
CGH Medical Center,https://fhir-myrecord.cerner.com/dstu2/Es63ilPkkETpas1hoRy0bFNgpWFGLAl3/,"100 E LeFevre Rd",Sterling,Illinois,"61081-1278"
CGH Medical Center,https://fhir-myrecord.cerner.com/dstu2/85a11c19-86be-4318-9a33-d0996a9302a7/,"100 E LeFevre Rd",Sterling,Illinois,"61081-1278"
"CHA Medical and Surgical Group, PC.",https://fhir-myrecord.cerner.com/dstu2/08af8e37-4939-44d2-ad95-bb3cf92c46c8/,"8501 Brimhall Road",Bakersfield,California,"93312"
"CHA Medical and Surgical Group, PC.",https://fhir-myrecord.cerner.com/dstu2/ZovcCzFH9WoaIYAtfnADtCEJJqhJ7vbO/,"8501 Brimhall Road",Bakersfield,California,"93312"
Carroll County Memorial Hospital,https://fhir-myrecord.cerner.com/dstu2/9785b033-fa30-4746-84ca-c07c9380c88e/,"1502 North Jefferson Street",Carrollton,Missouri,"64633-1948"
Carroll County Memorial Hospital,https://fhir-myrecord.cerner.com/dstu2/89am5gSIswYvqOJuGoJ38cMjxUeNFOma/,"1502 North Jefferson Street",Carrollton,Missouri,"64633-1948"
Centra Health,https://fhir-myrecord.cerner.com/dstu2/c3bc972b-645a-4e0e-9727-2bbc1db34702/,"1920 Atherholt Rd",Lynchburg,Virginia,"24501-1104"
Centra Health,https://fhir-myrecord.cerner.com/dstu2/ab208292-75a1-4788-9fc7-1e9a40a7eee3/,"1920 Atherholt Rd",Lynchburg,Virginia,"24501-1104"
Chesterfield Valley Dermatology,https://fhir-myrecord.cerner.com/dstu2/85cee70e-27e8-4dd6-9210-edc53705a149/,"100 Chesterfield Business Parkway Suite 110",Chesterfield,Missouri,"63005"
Chesterfield Valley Dermatology,https://fhir-myrecord.cerner.com/dstu2/9a2b715b-8521-452b-a2c9-b5b9d28fc8e0/,"100 Chesterfield Business Parkway Suite 110",Chesterfield,Missouri,"63005"
Children's Hospital Los Angeles,https://fhir-myrecord.cerner.com/dstu2/fjycTxieSBez9BFs-LP0YIikqnvefkZc/,"4650 Sunset Blvd Los Angeles",Los Angeles,California,"90027-6062"
Children's Hospital Los Angeles,https://fhir-myrecord.cerner.com/dstu2/489410a1-a689-4dec-abc8-32f802091140/,"4650 Sunset Blvd Los Angeles",Los Angeles,California,"90027-6062"
Clem Kirkland MD Inc.,https://fhir-myrecord.cerner.com/dstu2/4WhyRArSk37mMNgPi8abRFnIJRbnJPpW/,"5928 Springboro",Dayton,Ohio,"45449-3250"
Clem Kirkland MD Inc.,https://fhir-myrecord.cerner.com/dstu2/d0508ba4-12ca-4d49-861f-67d2a6a27066/,"5928 Springboro",Dayton,Ohio,"45449-3250"
Columbus Regional Healthcare System,https://fhir-myrecord.cerner.com/dstu2/343172e7-a805-41c0-9b12-57213fdd82cd/,"500 Jefferson St",Whiteville,North Carolina,"28472-3634"
Columbus Regional Healthcare System,https://fhir-myrecord.cerner.com/dstu2/969307fb-b249-4208-b0b4-56a6e3889e8c/,"500 Jefferson St",Whiteville,North Carolina,"28472-3634"
Comprehensive Counseling Center,https://fhir-myrecord.cerner.com/dstu2/8e77b480-944d-4d4a-a93e-e5a9fd83d5c6/,"11885 E. 12 Mile Road Suite 201A-204A",Warren,Michigan,"48093-3469"
Comprehensive Counseling Center,https://fhir-myrecord.cerner.com/dstu2/6115d3c2-3bea-4068-b135-043d3297eb63/,"11885 E. 12 Mile Road Suite 201A-204A",Warren,Michigan,"48093-3469"
Covenant Health,https://fhir-myrecord.cerner.com/dstu2/9d9ce2ac-65e8-4488-a0f0-ba102e060a58/,"244 Fort Sanders West Blvd.",Knoxville,Tennessee,"37922-3353"
Covenant Health,https://fhir-myrecord.cerner.com/dstu2/3c4a889f-c0c4-4f50-90d1-60f6a5ad9e7d/,"244 Fort Sanders West Blvd.",Knoxville,Tennessee,"37922-3353"
DaVita Inc.,https://fhir-myrecord.cerner.com/dstu2/ef305183-7191-4c91-b4e4-93d680f39bae/,"2000 16th St.",Denver,Colorado,"80202-5117"
DaVita Inc.,https://fhir-myrecord.cerner.com/dstu2/3b23ba82-4045-4c42-b34e-b749fc14463d/,"2000 16th St.",Denver,Colorado,"80202-5117"
Delaware Foot & Ankle Group,https://fhir-myrecord.cerner.com/dstu2/f4c4f66a-4f9a-401a-9995-69047ac19451/,"2600 Glasgow Ave Ste 101",Newark,Delaware,"19702-5703"
Delaware Foot & Ankle Group,https://fhir-myrecord.cerner.com/dstu2/f6b3438e-050c-4890-a29f-e0ac33bb956c/,"2600 Glasgow Ave Ste 101",Newark,Delaware,"19702-5703"
"Dermatology Consultants, PA",https://fhir-myrecord.cerner.com/dstu2/c31c51ca-14d8-489c-808f-62486a81a735/,"60 Plato Boulevard East",Saint Paul,Minnesota,"55107-1830"
"Dermatology Consultants, PA",https://fhir-myrecord.cerner.com/dstu2/LE53-9reSSl1ATIUbSTE0HLYhIbs7hug/,"60 Plato Boulevard East",Saint Paul,Minnesota,"55107-1830"
Digestive Disease Consultants,https://fhir-myrecord.cerner.com/dstu2/415f73c4-eb26-4a2f-bd48-682d90f715e0/,"1501 Alice Street",Waycross,Georgia,"31501-4530"
Digestive Disease Consultants,https://fhir-myrecord.cerner.com/dstu2/2ed1c574-c5ac-427e-a2ed-e9f8b5471f70/,"1501 Alice Street",Waycross,Georgia,"31501-4530"
Dr. Charles Schlosser,https://fhir-myrecord.cerner.com/dstu2/25433325-4bdc-446c-a3ea-c917bd1f23e7/,"4520 Wichers Dr Ste 202",Marrero,Louisiana,"70072-3135"
Dr. Charles Schlosser,https://fhir-myrecord.cerner.com/dstu2/d70f3182-cccd-4885-a851-68a653a0125b/,"4520 Wichers Dr Ste 202",Marrero,Louisiana,"70072-3135"
Dr. Donald Huang,https://fhir-myrecord.cerner.com/dstu2/2da544c8-ef40-4e26-86e5-29350376d197/,"804 Ainsworth Dr Suite 103",Prescott,Arizona,"86301-1624"
Dr. Donald Huang,https://fhir-myrecord.cerner.com/dstu2/e6567e17-7548-4791-8688-4e41c1c041ad/,"804 Ainsworth Dr Suite 103",Prescott,Arizona,"86301-1624"
Dr. Neal Suares,https://fhir-myrecord.cerner.com/dstu2/36e35b4b-e4c5-4e91-9408-cf0fec2fda80/,"1400 East Union Street",Greenville,Mississippi,"38703-3246"
Dr. Neal Suares,https://fhir-myrecord.cerner.com/dstu2/df0ee526-959a-4abd-bc92-e5a1c513a0cb/,"1400 East Union Street",Greenville,Mississippi,"38703-3246"
Dr. William J Hicks,https://fhir-myrecord.cerner.com/dstu2/15b0af10-0183-46f3-a8ab-b39459f688c2/,"303 Williams Ave Suite 1511",Huntsville,Alabama,"35801-6000"
Dr. William J Hicks,https://fhir-myrecord.cerner.com/dstu2/c75536dc-dc0f-4d24-99bf-fa4c77623097/,"303 Williams Ave Suite 1511",Huntsville,Alabama,"35801-6000"
"Dubuque Orthopaedic Surgeons, PC",https://fhir-myrecord.cerner.com/dstu2/WFOlwheC6aKuCJYbPTtM9YxT0wMlV2rb/,"1500 Delhi Street, Suite 4200",Dubuque,Iowa,"52001-6319"
"Dubuque Orthopaedic Surgeons, PC",https://fhir-myrecord.cerner.com/dstu2/82ffc56e-a8c8-428a-a28b-8c9d0bafcb76/,"1500 Delhi Street, Suite 4200",Dubuque,Iowa,"52001-6319"
"East Alabama Eye Clinic of Anniston, PC",https://fhir-myrecord.cerner.com/dstu2/cqm26xHDL0QfUxnVfAVkDgcb-oKYMVPg/,"1029 Christine Avenue",Anniston,Alabama,"36207-5709"
"East Alabama Eye Clinic of Anniston, PC",https://fhir-myrecord.cerner.com/dstu2/AWi4SOz4m1uTsxIPLBId6Yv60e396TRD/,"1029 Christine Avenue",Anniston,Alabama,"36207-5709"
Ector County Hospital District/Medical Center Health System,https://fhir-myrecord.cerner.com/dstu2/a37116a3-5a70-4694-8650-791ef12f380e/,"500 W 4th St",Odessa,Texas,"79761"
Ector County Hospital District/Medical Center Health System,https://fhir-myrecord.cerner.com/dstu2/8f9a7649-0fa8-479b-a649-15bf2ad877a3/,"500 W 4th St",Odessa,Texas,"79761"
Emory Healthcare Inc,https://fhir-myrecord.cerner.com/dstu2/1ea8551e-0fb1-4703-8c98-94d25868feac/,"57 Executive Park South",Atlanta,Georgia,"30329"
Emory Healthcare Inc,https://fhir-myrecord.cerner.com/dstu2/82392e44-ab37-416a-9704-84edeee58386/,"57 Executive Park South",Atlanta,Georgia,"30329"
Geisinger Health Plan,https://fhir-myrecord.cerner.com/dstu2/0c462397-70eb-4c62-9e7b-172ae734b283/,"100 North Academy Avenue",Danville,Pennsylvania,"17822-9800"
Geisinger Health Plan,https://fhir-myrecord.cerner.com/dstu2/6b6ec52f-679d-4556-8bdc-6f257a573307/,"100 North Academy Avenue",Danville,Pennsylvania,"17822-9800"
Geisinger Health Plan,https://fhir-myrecord.cerner.com/dstu2/bcdc74b0-4e5b-45db-9272-627ece27743d/,"100 North Academy Avenue",Danville,Pennsylvania,"17822-9800"
Geisinger System Services,https://fhir-myrecord.cerner.com/dstu2/7ab3d0ab-808d-451f-b0e3-d59dda3f72e5/,"100 N Academy Ave",Danville,Pennsylvania,"17822-9800"
Geisinger System Services,https://fhir-myrecord.cerner.com/dstu2/ce6a2fd7-f060-478f-8ee9-1a471e2d7398/,"100 N Academy Ave",Danville,Pennsylvania,"17822-9800"
Genesis Health System,https://fhir-myrecord.cerner.com/dstu2/Hq9lMFKIau9MlCiBN698ZPzTKNvsMrCb/,"1227 E Rusholme Street",Davenport,Iowa,"52803-2459"
Genesis Health System,https://fhir-myrecord.cerner.com/dstu2/zRBZsbKdoME7HivKpjAL4ZEb8JQBD9Cn/,"1227 E Rusholme Street",Davenport,Iowa,"52803-2459"
Health Consulting Systems Inc,https://fhir-myrecord.cerner.com/dstu2/bqP2_Iu79y3-uu5vp_UAe1jzwZM5U4hT/,"6725 Cedar Ridge Dr., Suite 1",Zephyrhills,Florida,"33542-7515"
Health Consulting Systems Inc,https://fhir-myrecord.cerner.com/dstu2/ig2DLlD17G46NZ2TvhplBaJjVsPDHARg/,"6725 Cedar Ridge Dr., Suite 1",Zephyrhills,Florida,"33542-7515"
Health Consulting Systems Inc,https://fhir-myrecord.cerner.com/dstu2/yM1TVbA1pYVBqAL5r6hrPXGVr5nFBJbP/,"6725 Cedar Ridge Dr., Suite 1",Zephyrhills,Florida,"33542-7515"
Health Partners Management Group Inc,https://fhir-myrecord.cerner.com/dstu2/EB87749h5gFXR747moCjBvZnLkChVxMK/,"1879A N Westwood Blvd",Poplar Bluff,Missouri,"63901-2833"
Health Partners Management Group Inc,https://fhir-myrecord.cerner.com/dstu2/2d8bdb87-4ddc-4f12-98f5-d350e378eb27/,"1879A N Westwood Blvd",Poplar Bluff,Missouri,"63901-2833"
Health Partners Management Group Inc,https://fhir-myrecord.cerner.com/dstu2/7bb621ac-aa97-45f6-838d-158d4d3be577/,"1879A N Westwood Blvd",Poplar Bluff,Missouri,"63901-2833"
Indiana University Health Ball Memorial Physicians,https://fhir-myrecord.cerner.com/dstu2/cRvrWB6EGf0LDQthBxXjxJd9EZfEv87X/,"800 South Tillotson Avenue",MUNCIE,Indiana,"47304-4529"
Indiana University Health Ball Memorial Physicians,https://fhir-myrecord.cerner.com/dstu2/XkAOYtH-gm9Qydj1f9rswZevVOdKyBZt/,"800 South Tillotson Avenue",MUNCIE,Indiana,"47304-4529"
Integris Health,https://fhir-myrecord.cerner.com/dstu2/527bda78-aebb-4618-87d0-e8d3b484f2ea/,"3366 NW Expressway Ste 800",Oklahoma City,Oklahoma,"73112-4458"
Integris Health,https://fhir-myrecord.cerner.com/dstu2/4c4aa7b2-6b2a-48a8-bb50-bd2c59fe99d0/,"3366 NW Expressway Ste 800",Oklahoma City,Oklahoma,"73112-4458"
J. Fernandez & R. Molina,https://fhir-myrecord.cerner.com/dstu2/799e5f79-6e8d-46e4-994e-0573f8c38149/,"7100 W. 20th Avenue",Hialeah,Florida,"33016-1812"
J. Fernandez & R. Molina,https://fhir-myrecord.cerner.com/dstu2/ef88167a-0e0f-4171-bc64-f2c2c830b38a/,"7100 W. 20th Avenue",Hialeah,Florida,"33016-1812"
Katherine Shaw Bethea Hospital,https://fhir-myrecord.cerner.com/dstu2/43b952fe-d2a5-473b-b04a-92c422b758a3/,"403 E 1st St",Dixon,Illinois,"61021"
Katherine Shaw Bethea Hospital,https://fhir-myrecord.cerner.com/dstu2/b028dc4c-d272-49cb-aa36-c5cff29530bb/,"403 E 1st St",Dixon,Illinois,"61021"
"Kennrick J. Dennis, DPM",https://fhir-myrecord.cerner.com/dstu2/faa53cfe-86c4-4c37-b87e-a425abe8cc46/,"11900 FM 1960 West",Houston,Texas,"77065-3838"
"Kennrick J. Dennis, DPM",https://fhir-myrecord.cerner.com/dstu2/Jq1h-Z1Yyu4OyupN7ciHN171trNUbJQP/,"11900 FM 1960 West",Houston,Texas,"77065-3838"
Lafayette General Health,https://fhir-myrecord.cerner.com/dstu2/236f7d43-7a42-43a2-8ab2-2a433cf5cb41/,"920 W Pinhook Rd",Lafayette,Louisiana,"70503-2455"
Lafayette General Health,https://fhir-myrecord.cerner.com/dstu2/c93f0ebd-007a-4296-b842-6ac2a4658eb9/,"920 W Pinhook Rd",Lafayette,Louisiana,"70503-2455"
Lake Health District,https://fhir-myrecord.cerner.com/dstu2/794039a8-89a5-42e7-a8af-b2a702849aea/,"700 South J Street",Lakeview,Oregon,"97630-1623"
Lake Health District,https://fhir-myrecord.cerner.com/dstu2/91732642-b694-4776-bbd7-c7859cc968c4/,"700 South J Street",Lakeview,Oregon,"97630-1623"
Lakewood Foot and Ankle Specialists LLC,https://fhir-myrecord.cerner.com/dstu2/effb9fc3-df28-4657-8754-4bd8cfe812fe/,"1700 Madison Avenue",Lakewood,New Jersey,"08701-1253"
Lakewood Foot and Ankle Specialists LLC,https://fhir-myrecord.cerner.com/dstu2/64878668-706f-45bc-9263-a39f3c254f68/,"1700 Madison Avenue",Lakewood,New Jersey,"08701-1253"
MacArthur Primary Care,https://fhir-myrecord.cerner.com/dstu2/B5Y5ZienVxjgCQmW_iKfuE1CW27UK8yA/,"3712 Macarthur Blvd Ste 202",New Orleans,Louisiana,"70114-6866"
MacArthur Primary Care,https://fhir-myrecord.cerner.com/dstu2/RSiVkOMaHv5sLlFx1B8RLDUMq_Pfsl_h/,"3712 Macarthur Blvd Ste 202",New Orleans,Louisiana,"70114-6866"
Madison Memorial Hospital,https://fhir-myrecord.cerner.com/dstu2/0875d958-ca57-4bf3-a3d1-8017bea319db/,"450 E Main",Rexburg,Idaho,"83440"
Madison Memorial Hospital,https://fhir-myrecord.cerner.com/dstu2/d61ab3e4-55bb-4859-99e6-22c413b48f2a/,"450 E Main",Rexburg,Idaho,"83440"
Mason General Hospital,https://fhir-myrecord.cerner.com/dstu2/4bc148e6-b3ec-45ad-b985-e9e60524e481/,"901 Mountain View Dr Bldg 1",Shelton,Washington,"98584-4401"
Mason General Hospital,https://fhir-myrecord.cerner.com/dstu2/ed3f5ef0-1e43-4472-a811-c1c95f23d109/,"901 Mountain View Dr Bldg 1",Shelton,Washington,"98584-4401"
"Mission Health System, Inc.",https://fhir-myrecord.cerner.com/dstu2/31d3d17c-a50c-4d78-bc5b-e9716826315e/,"509 Biltmore Ave",Asheville,North Carolina,"28801-4601"
"Mission Health System, Inc.",https://fhir-myrecord.cerner.com/dstu2/8tQtRvT74yBZNSR3hgVZdhYfRO0h8RfE/,"509 Biltmore Ave",Asheville,North Carolina,"28801-4601"
Montgomery Rheumatology,https://fhir-myrecord.cerner.com/dstu2/UHCaxLDJ6puwMRdSj30hJ8Nw05sTySuR/,"1421 Narrow Lane Parkway",Montgomery,Alabama,"36111-2654"
Montgomery Rheumatology,https://fhir-myrecord.cerner.com/dstu2/Ju4SLrJ8HE83ty66H2bgjEBnrvB-FIla/,"1421 Narrow Lane Parkway",Montgomery,Alabama,"36111-2654"
Morgan Medical Center,https://fhir-myrecord.cerner.com/dstu2/v561Je5dfmji-4BVw-9Mkp1hj_V8JdmU/,"1740 Lion Club Rd",Madison,Georgia,"30650"
Morgan Medical Center,https://fhir-myrecord.cerner.com/dstu2/e4835cf4-edbb-49ff-851b-660169fb80f7/,"1740 Lion Club Rd",Madison,Georgia,"30650"
Navicent Health,https://fhir-myrecord.cerner.com/dstu2/6aa95184-89e0-4f55-9015-d41b71e7debc/,"777 Hemlock St",Macon,Georgia,"31201-2102"
Navicent Health,https://fhir-myrecord.cerner.com/dstu2/cPXkxGWnH-HHwThIezCJp4EJYz7iHU2Y/,"777 Hemlock St",Macon,Georgia,"31201-2102"
Northern Arizona Healthcare,https://fhir-myrecord.cerner.com/dstu2/a87a863d-8666-48d4-bbb9-1908bfb27a5f/,"1200 N Beaver St",Flagstaff,Arizona,"86001-3118"
Northern Arizona Healthcare,https://fhir-myrecord.cerner.com/dstu2/a2460eef-8cb2-4549-ae05-e195b0a28c42/,"1200 N Beaver St",Flagstaff,Arizona,"86001-3118"
Northwest Health - La Porte,https://fhir-myrecord.cerner.com/dstu2/49ea45d7-d2ce-46f5-b0b2-06994d01a4fd/,"1331 State St",La Porte,Indiana,"46350-3112"
Northwest Health - La Porte,https://fhir-myrecord.cerner.com/dstu2/b74030e2-5e2c-4fcc-af5e-0e1218937dd3/,"1331 State St",La Porte,Indiana,"46350-3112"
Ocean County Foot & Ankle Surgical Associates,https://fhir-myrecord.cerner.com/dstu2/aa8f482a-8515-48ba-93c5-7ed1e81290f5/,"54 Bey Lea Road, Suite1",Toms River,New Jersey,"08753-2978"
Ocean County Foot & Ankle Surgical Associates,https://fhir-myrecord.cerner.com/dstu2/TX7mmqUo5e4K7920CC_tNVh7CoIRYth3/,"54 Bey Lea Road, Suite1",Toms River,New Jersey,"08753-2978"
Olson Memorial Clinic,https://fhir-myrecord.cerner.com/dstu2/h7Ihx8KqeFMoV6aVE3v7wQPvUnR9Dqw0/,"16463 SW Boones Ferry Rd.",Lake Oswego,Oregon,"97035-4259"
Olson Memorial Clinic,https://fhir-myrecord.cerner.com/dstu2/c5259d19-f4df-485f-85ba-303153b1ff25/,"16463 SW Boones Ferry Rd.",Lake Oswego,Oregon,"97035-4259"
Orthopedics of Southern IN,https://fhir-myrecord.cerner.com/dstu2/a32b3638-6485-47b5-8eab-01746cb4bec6/,"583 S Clarizz Blvd",Bloomington,Indiana,"47401-5515"
Orthopedics of Southern IN,https://fhir-myrecord.cerner.com/dstu2/611548a5-2e5e-4846-923f-de6c48bc0d95/,"583 S Clarizz Blvd",Bloomington,Indiana,"47401-5515"
PAMI,https://fhir-myrecord.cerner.com/dstu2/d13cd954-ca68-4a08-a95d-1ae54e7487f0/,"1907 Atlantic Blvd",Jacksonville,Florida,"32207-3466"
PAMI,https://fhir-myrecord.cerner.com/dstu2/a2TfVcNaJGlijn6zzBhUnZFJmQJWpoQ7/,"1907 Atlantic Blvd",Jacksonville,Florida,"32207-3466"
PAMI,https://fhir-myrecord.cerner.com/dstu2/ed1a6436-bdd3-4803-83f1-a24346db7ed7/,"1907 Atlantic Blvd",Jacksonville,Florida,"32207-3466"
PAMI,https://fhir-myrecord.cerner.com/dstu2/e38cae97-dc5c-44e2-8dda-ca848530d8cd/,"1907 Atlantic Blvd",Jacksonville,Florida,"32207-3466"
PAMI,https://fhir-myrecord.cerner.com/dstu2/85fee1ae-75cd-4cf6-8306-8335ac01dc49/,"1907 Atlantic Blvd",Jacksonville,Florida,"32207-3466"
Podiatry Associates of Lake County,https://fhir-myrecord.cerner.com/dstu2/857e4dce-dbf8-4809-829e-aec4eb97c695/,"161 E. Washington Street",Painesville,Ohio,"44077-3449"
Podiatry Associates of Lake County,https://fhir-myrecord.cerner.com/dstu2/0699f5e4-11ef-4cab-a1a5-a9d1e45fecf3/,"161 E. Washington Street",Painesville,Ohio,"44077-3449"
Podiatry Center,https://fhir-myrecord.cerner.com/dstu2/soj3Wls20cuoGsqEeRoBN-K1WDca_2CP/,"135 First Street South",Winter Haven,Florida,"33880-3005"
Podiatry Center,https://fhir-myrecord.cerner.com/dstu2/p-MOcY0GGxr0pl7CEHtqGlXabHbpYjuD/,"135 First Street South",Winter Haven,Florida,"33880-3005"
"Practice Advantage, Inc",https://fhir-myrecord.cerner.com/dstu2/e2feebdd-7feb-4075-9a95-20e06d5a42e5/,"3901 Greensboro Ave, Suite A",Tuscaloosa,Alabama,"35405-3771"
"Practice Advantage, Inc",https://fhir-myrecord.cerner.com/dstu2/f8fed8da-ed23-478c-8bc7-11f2c364d32c/,"3901 Greensboro Ave, Suite A",Tuscaloosa,Alabama,"35405-3771"
Prisma Health-Midlands,https://fhir-myrecord.cerner.com/dstu2/82b5c78e-3511-4091-8bf4-9b7dbe078f0c/,"1301 Taylor Street",Columbia,South Carolina,"29201-2963"
Prisma Health-Midlands,https://fhir-myrecord.cerner.com/dstu2/2eNdqWco_jtc-pQyC1ajFurJasuKSupq/,"1301 Taylor Street",Columbia,South Carolina,"29201-2963"
"Pulmonary and Critical Care Specialists of Princeton, P.C.",https://fhir-myrecord.cerner.com/dstu2/b4fc8c7a-4685-46ad-866e-a6b49b921c08/,"817 Princeton Avenue SW Suite 199",Birmingham,Alabama,"35211-1340"
"Pulmonary and Critical Care Specialists of Princeton, P.C.",https://fhir-myrecord.cerner.com/dstu2/6897a1cf-7b28-4725-822c-72d4d0de5b3a/,"817 Princeton Avenue SW Suite 199",Birmingham,Alabama,"35211-1340"
RWJBarnabas Health,https://fhir-myrecord.cerner.com/dstu2/3c2e5608-7636-4d74-9aae-b044a991c609/,"95 Old Short Hills Rd",West Orange,New Jersey,"07052-1008"
RWJBarnabas Health,https://fhir-myrecord.cerner.com/dstu2/xYxhuXIFsLg59PaSNJv_x-piAtPKX3W8/,"95 Old Short Hills Rd",West Orange,New Jersey,"07052-1008"
Rockland Thoracic Associates,https://fhir-myrecord.cerner.com/dstu2/e2ad55a9-c891-4848-8484-9308538693a3/,"5A Medical Park Dr",Pomona,New York,"10970-3516"
Rockland Thoracic Associates,https://fhir-myrecord.cerner.com/dstu2/K7r0JqNzwCCreORLHDZNhTb7SEfo_ZjL/,"5A Medical Park Dr",Pomona,New York,"10970-3516"
Rockland Thoracic Associates,https://fhir-myrecord.cerner.com/dstu2/gzygYmj_ixxj0K8SMYuNLmEP8OHSt4DS/,"5A Medical Park Dr",Pomona,New York,"10970-3516"
San Antonio Regional Hospital,https://fhir-myrecord.cerner.com/dstu2/WKlSSS89qvhKmD7tJUsOt0whh7EBmDD-/,"999 San Bernardino Rd PO Box 5001",Upland,California,"91786-4920"
San Antonio Regional Hospital,https://fhir-myrecord.cerner.com/dstu2/4034ed0f-c20d-41d3-8c75-4fd876e23d84/,"999 San Bernardino Rd PO Box 5001",Upland,California,"91786-4920"
Sarah Bush Lincoln Health System,https://fhir-myrecord.cerner.com/dstu2/b60a46b6-a3df-4cb6-983c-dfcc9a0589e1/,"1000 Health Ctr Dr PO Box 372",Mattoon,Illinois,"61938-0372"
Sarah Bush Lincoln Health System,https://fhir-myrecord.cerner.com/dstu2/70a80a72-e84a-495e-83fd-937e0d2effcd/,"1000 Health Ctr Dr PO Box 372",Mattoon,Illinois,"61938-0372"
Sharon Regional Health System,https://fhir-myrecord.cerner.com/dstu2/0c45d456-c156-4baa-b6a0-bf60418740f7/,"740 E State St",Sharon,Pennsylvania,"16146-3328"
Sharon Regional Health System,https://fhir-myrecord.cerner.com/dstu2/XxCJ99kCIg2i3KfxlKhrZa_KjVzO5m_9/,"740 E State St",Sharon,Pennsylvania,"16146-3328"
Sharp HealthCare,https://fhir-myrecord.cerner.com/dstu2/c2b12ebc-1d0f-4d73-b823-320cb1395bb5/,"8695 Spectrum Ctr Blvd",San Diego,California,"92123-1489"
Sharp HealthCare,https://fhir-myrecord.cerner.com/dstu2/994583e3-c777-4cf2-a61f-8a6fecc94ca6/,"8695 Spectrum Ctr Blvd",San Diego,California,"92123-1489"
Sheridan Memorial Hospital,https://fhir-myrecord.cerner.com/dstu2/f40a042a-c568-432e-8aa0-b12d37d2d383/,"1401 West Fifth Street",Sheridan,Wyoming,"82801"
Sheridan Memorial Hospital,https://fhir-myrecord.cerner.com/dstu2/d7c7003a-96ae-4246-aaaa-19b18f13056e/,"1401 West Fifth Street",Sheridan,Wyoming,"82801"
Simi Obstetrics and Gynecology,https://fhir-myrecord.cerner.com/dstu2/143008dd-7360-4d80-a1fc-642bb0952a26/,"1147 Red Tail Way",Simi Valley,California,"93065-7232"
Simi Obstetrics and Gynecology,https://fhir-myrecord.cerner.com/dstu2/7acc477c-8372-44ca-ae6e-bcc04c61490f/,"1147 Red Tail Way",Simi Valley,California,"93065-7232"
"Solano Kidney Care, Inc",https://fhir-myrecord.cerner.com/dstu2/mpHeoGaxK5S85g1wJYZSJQd5Cv8j4Vx4/,"1360 Burton Dr Ste 160",Vacaville,California,"95687-3560"
"Solano Kidney Care, Inc",https://fhir-myrecord.cerner.com/dstu2/ErJOAfNQnxUFOkKvroFspS3XwC0I_BKr/,"1360 Burton Dr Ste 160",Vacaville,California,"95687-3560"
South Texas Children's Health Center,https://fhir-myrecord.cerner.com/dstu2/MxK8wHcGbqmwQq7QQjRRi4fnIgSY1-t4/,"3126 Center Point Dr",Edinburg,Texas,"78539-4804"
South Texas Children's Health Center,https://fhir-myrecord.cerner.com/dstu2/cd0af118-6cf4-4017-b601-b5e761f852f2/,"3126 Center Point Dr",Edinburg,Texas,"78539-4804"
Southern Orthopaedics & Sports Med. Asso,https://fhir-myrecord.cerner.com/dstu2/94907365-1bae-4b91-8efe-455bfcdb37f6/,"2950 Highway 78 East",Jasper,Alabama,"35501-8903"
Southern Orthopaedics & Sports Med. Asso,https://fhir-myrecord.cerner.com/dstu2/0a8cac94-1179-4d0e-b0c6-b85d991897d4/,"2950 Highway 78 East",Jasper,Alabama,"35501-8903"
The Children's Mercy Hospital,https://fhir-myrecord.cerner.com/dstu2/Jst2t4B3tQ_LvMKd5zgnH8scFXxFjMAP/,"2401 Gillham Rd",Kansas City,Missouri,"64108-4619"
The Children's Mercy Hospital,https://fhir-myrecord.cerner.com/dstu2/a5d42041-57d2-4517-b428-b2228e570f69/,"2401 Gillham Rd",Kansas City,Missouri,"64108-4619"
The MetroHealth System,https://fhir-myrecord.cerner.com/dstu2/9b7869b2-4868-481a-8198-09e668f6ebdd/,"2500 Metrohealth Dr",Cleveland,Ohio,"44109-1900"
The MetroHealth System,https://fhir-myrecord.cerner.com/dstu2/34da30d9-0819-4bf5-80c0-70607941ba69/,"2500 Metrohealth Dr",Cleveland,Ohio,"44109-1900"
The MetroHealth System,https://fhir-myrecord.cerner.com/dstu2/09e47046-2305-4fe2-893b-d04221d2bf28/,"2500 Metrohealth Dr",Cleveland,Ohio,"44109-1900"
The MetroHealth System,https://fhir-myrecord.cerner.com/dstu2/236ecbfc-a063-4890-b332-591e7cbb70dd/,"2500 Metrohealth Dr",Cleveland,Ohio,"44109-1900"
The MetroHealth System,https://fhir-myrecord.cerner.com/dstu2/8c252e10-ded1-4aa0-a65e-c10689ae0d89/,"2500 Metrohealth Dr",Cleveland,Ohio,"44109-1900"
The MetroHealth System,https://fhir-myrecord.cerner.com/dstu2/c557312c-b1a3-42e2-9e10-62782af2baed/,"2500 Metrohealth Dr",Cleveland,Ohio,"44109-1900"
The MetroHealth System,https://fhir-myrecord.cerner.com/dstu2/39290951-f819-45ed-b01e-82d8a221d310/,"2500 Metrohealth Dr",Cleveland,Ohio,"44109-1900"
The Regional Medical Center of Orangeburg and Calhoun Counties,https://fhir-myrecord.cerner.com/dstu2/0fba742b-eec1-4103-87e5-edbdf1fe1e30/,"3000 St. Matthews Road",Orangeburg,South Carolina,"29118-1442"
The Regional Medical Center of Orangeburg and Calhoun Counties,https://fhir-myrecord.cerner.com/dstu2/0cc3b3ab-d799-4361-a504-c3a04a8db950/,"3000 St. Matthews Road",Orangeburg,South Carolina,"29118-1442"
Tri-City Medical Center,https://fhir-myrecord.cerner.com/dstu2/el-cOzZz2taXiCUnZcX6Aeuou4gpZkX2/,"4002 Vista Way",Oceanside,California,"92056"
Tri-City Medical Center,https://fhir-myrecord.cerner.com/dstu2/124c0226-4a30-493e-919a-d360c6c85fa7/,"4002 Vista Way",Oceanside,California,"92056"
Trinity Health Corporation,https://fhir-myrecord.cerner.com/dstu2/35c95e5d-0d82-458a-8c27-32dc1e4eaef9/,"20555 Victor Parkway Ste 100",Livonia,Michigan,"48152-7031"
Trinity Health Corporation,https://fhir-myrecord.cerner.com/dstu2/VkFM4mA0c1aMGN2-7G1Gfk8QPbj_neXe/,"20555 Victor Parkway Ste 100",Livonia,Michigan,"48152-7031"
Trinity Health Corporation,https://fhir-myrecord.cerner.com/dstu2/781d290a-0fb7-4574-b825-dd38fe495caa/,"20555 Victor Parkway Ste 100",Livonia,Michigan,"48152-7031"
Trinity Health Corporation,https://fhir-myrecord.cerner.com/dstu2/5ac0007d-0893-4627-b11f-857c06d27ab1/,"20555 Victor Parkway Ste 100",Livonia,Michigan,"48152-7031"
Trinity Health Corporation,https://fhir-myrecord.cerner.com/dstu2/e3ce8ac3-da4b-46ec-93b3-a98903d3ba4d/,"20555 Victor Parkway Ste 100",Livonia,Michigan,"48152-7031"

